{"initial_reset_timestamp": 1590779807.9368584, "timestamps": [1590779845.1744096], "episode_lengths": [1000], "episode_rewards": [821.0526315789322], "episode_types": ["t", "t"]}