{"initial_reset_timestamp": 1590779755.3158596, "timestamps": [1590779783.8778608], "episode_lengths": [1000], "episode_rewards": [-40.66666666666694], "episode_types": ["t", "t"]}